Личная карточка №,Имя,Паспорт,Организация,Статус
1,Валентиновна Тамара Леонардовна,65 45 454556,"ЗАО ""Орион""",Покупок нет
2,Золотухина Яна Абдулловна,64 45 454556,"ЗАО ""Орион""",Покупок нет
3,Кузьменков Владислав Зиновьевич,63 45 454556,"ЗАО ""Орион""",Покупок нет
4,Харина Марина Мансуровна,62 45 454556,"ЗАО ""Орион""",Покупок нет
5,Варфоломеева Валерия Эмильевна,82 45 454556,"ЗАО ""Орион""",Покупок нет
6,Гончаров Станислав Маратович,81 45 454556,"ЗАО ""Орион""",Покупок нет
7,Степин Николай Гаврилович,80 45 454556,,Покупок нет
8,Шульгина Лилиана Феликсовна,79 45 454556,"ЗАО ""Ланит""",Покупок нет
9,Савинова Антонида Гавриловна,78 45 454556,"ЗАО ""Ланит""",Покупок нет
10,Булгаков Святослав Арсеньевич,77 45 454556,"ЗАО ""Ланит""",Покупок нет
11,Николаев Ярослав Антонович,76 45 454556,"ЗАО ""Ланит""",Покупок нет
12,Павленко Станислав Игоревич,75 45 454556,"ЗАО ""Ланит""",Купил 3 машины у продавца Сидоров Георгий Олегович
13,Филимонова Викторина Валерьевна,74 45 454556,"ЗАО ""Ланит""",Покупок нет
14,Комаров Семен Робертович,73 45 454556,"ЗАО ""Ланит""",Покупок нет
15,Яковенко Викторина Анваровна,72 45 454556,"ЗАО ""Ланит""",Покупок нет
16,Литвинцев Филипп Викторович,71 45 454556,"ЗАО ""Ланит""",Покупок нет
17,Суханова Ася Юлиановна,70 45 454556,"ЗАО ""Ланит""",Покупок нет
18,Гранкин Валерий Тимофеевич,69 45 454556,,Покупок нет
19,Ермакова Инга Юльевна,68 45 454556,"ООО ""Парус""",Купил 2 машины у продавца Петров Георгий Олегович
20,Поливанов Евгений Серафимович,67 45 454556,"ООО ""Парус""",Покупок нет
21,Ким Роман Иосифович,66 45 454556,"ООО ""Парус""",Покупок нет
22,Костерина Алсу Афанасьевна,65 45 454556,"ООО ""Парус""",Купил 4 машины у продавца Сидоров Георгий Олегович
23,Пасютин Григорий Филаретович,64 45 454556,"ООО ""Парус""",Покупок нет
24,Русавский Денис Львович,63 45 454556,,Покупок нет
25,Рожкова Марта Владиславовна,62 45 454556,,Покупок нет
26,Мартыненко Семен Филиппович,82 45 454556,,Покупок нет
27,Ланцов Иосиф Аркадьевич,81 45 454556,,Покупок нет
28,Галкин Даниил Тихонович,80 45 454556,,Покупок нет
29,Дудник Руслан Лазаревич,79 45 454556,,Покупок нет
30,Трифонов Альберт Львович,78 45 454556,,Покупок нет
31,Петренко Варвара Феликсовна,77 45 454556,,Покупок нет
32,Восков Георгий Сергеевич,76 45 454556,,Покупок нет
33,Алексеев Сергей Вениаминович,75 45 454556,,Покупок нет
34,Рыков Иван Викторович,74 45 454556,,Покупок нет
35,Невзоров Николай Олегович,73 45 454556,,Покупок нет
36,Филимонов Альберт Филаретович,72 45 454556,,Покупок нет
37,Акелин Виталий Григорьевич,71 45 454556,,Покупок нет
38,Мамонов Денис Святославович,70 45 454556,,Покупок нет
39,Громова Милена Наилевна,69 45 454556,,Покупок нет
40,Скачков Владислав Львович,68 45 454556,,Покупок нет
41,Голубева Дина Филипповна,67 45 454556,,Покупок нет
42,Солдатенкова Кира Гурьевна,66 45 454556,,Покупок нет
43,Азарова Фаина Викторовна,65 45 454556,,Покупок нет
44,Петренко Марианна Егоровна,64 45 454556,,Покупок нет
45,Никифорова Марианна Раисовна,63 45 454556,,Покупок нет
46,Страхова Талия Фоминична,62 45 454556,,Покупок нет
47,Куркин Константин Савельевич,82 45 454556,,Покупок нет
48,Мелихов Степан Антонович,81 45 454556,,Покупок нет
49,Крутов Алексей Олегович,80 45 454556,,Покупок нет
50,Петросян Арина Маратовна,79 45 454556,,Покупок нет
51,Юсупова Мария Геннадьевна,78 45 454556,,Покупок нет
52,Тарасова Ольга Леонидовна,77 45 454556,,Покупок нет
53,Харламова Зинаида Арсентьевна,76 45 454556,,Покупок нет
54,Потапова Диана Николаевна,75 45 454556,,Купил 4 машины у продавца Сидоров Георгий Олегович
55,Фокина Наталия Альбертовна,74 45 454556,,Покупок нет
56,Смирнов Григорий Матвеевич,73 45 454556,,Покупок нет
57,Дорохина Екатерина Вениаминовна,72 45 454556,,Покупок нет
58,Азаров Ян Альбертович,71 45 454556,,Покупок нет
59,Тюрин Валерий Эдуардович,70 45 454556,,Покупок нет
60,Чумаков Эльдар Николаевич,69 45 454556,,Покупок нет
61,Усачева Аэлита Рубеновна,68 45 454556,,Покупок нет
62,Гусев Тигран Святославович,67 45 454556,,Покупок нет
63,Носов Руслан Робертович,66 45 454556,,Покупок нет
64,Лобачева Фатима Васильевна,65 45 454556,,Покупок нет
65,Фролова Ульяна Абрамовна,64 45 454556,,Покупок нет
66,Кушнарев Арсен Вадимович,63 45 454556,,Покупок нет
67,Перова Ольга Анатольевна,62 45 454556,,Покупок нет
68,Митяева Евгения Леонардовна,82 45 454556,,Покупок нет
69,Данилин Михаил Романович,81 45 454556,,Покупок нет
70,Грачев Иван Лазаревич,80 45 454556,,Покупок нет
71,Валуев Андрей Станиславович,79 45 454556,,Покупок нет
72,Губарь Семен Серафимович,78 45 454556,,Покупок нет
73,Шустров Рустам Борисович,77 45 454556,,Покупок нет
74,Матюхина Милана Леонидовна,76 45 454556,,Покупок нет
75,Кислов Игорь Антонович,75 45 454556,,Покупок нет
76,Кочетова Ильмира Афанасьевна,74 45 454556,,Покупок нет
77,Крючков Филипп Валентинович,73 45 454556,,Покупок нет
78,Протасов Глеб Яковлевич,72 45 454556,,Покупок нет
79,Попова Инесса Абрамовна,71 45 454556,,Покупок нет
80,Овчинников Альберт Афанасьевич,70 45 454556,,Покупок нет
81,Мартынова Есения Гурьевна,69 45 454556,,Покупок нет
82,Зубарев Александр Игнатьевич,68 45 454556,,Покупок нет
83,Бессонова Таисия Никитична,67 45 454556,,Покупок нет
84,Нечаев Артем Рудольфович,66 45 454556,,Покупок нет
85,Цветков Игорь Георгиевич,65 45 454556,,Покупок нет
86,Артемьев Петр Трофимович,64 45 454556,,Покупок нет
87,Казаков Ярослав Андреевич,63 45 454556,,Покупок нет
88,Федотов Андрей Игнатьевич,62 45 454556,,Покупок нет
89,Калугин Владимир Петрович,82 45 454556,,Покупок нет
90,Малахов Артур Станиславович,81 45 454556,,Покупок нет
91,Соколов Филипп Станиславович,80 45 454556,,Покупок нет
92,Кислов Иван Эдуардович,79 45 454556,,Покупок нет
93,Ревин Эльдар Павлович,78 45 454556,,Покупок нет
94,Леонов Марат Станиславович,77 45 454556,,Покупок нет
95,Новожилова Виктория Ильинична,76 45 454556,,Покупок нет
96,Золотов Иван Вениаминович,75 45 454556,,Покупок нет
97,Евстигнеев Антон Маркович,74 45 454556,,Покупок нет
98,Корнеев Карен Ильич,73 45 454556,,Покупок нет
99,Филатов Аркадий Наумович,72 45 454556,,Покупок нет
100,Лапшин Святослав Брониславович,71 45 454556,,Покупок нет
101,Ярцев Тагир Леонидович,70 45 454556,"ООО ""Дельта""",Покупок нет
102,Парфенов Павел Никитович,69 45 454556,"ООО ""Дельта""",Покупок нет
103,Ваулин Вениамин Анатольевич,68 45 454556,"ООО ""Дельта""",Покупок нет
104,Казакова Дина Давидовна,67 45 454556,"ООО ""Дельта""",Покупок нет
105,Кучумова Валерия Макаровна,66 45 454556,"ООО ""Дельта""",Покупок нет
106,Уваров Карен Валерьевич,65 45 454556,"ООО ""Дельта""",Купил 4 машины у продавца Иванов Георгий Олегович
107,Горбатова Илона Архиповна,64 45 454556,"ООО ""Дельта""",Покупок нет
108,Бычкова Алла Кондратьевна,63 45 454556,"ООО ""Дельта""",Покупок нет
109,Шибаева Наталия Емельяновна,62 45 454556,"ООО ""Дельта""",Покупок нет
110,Некрасова Наталия Петровна,82 45 454556,"ООО ""Дельта""",Покупок нет
111,Хван Эдуард Ростиславович,81 45 454556,"ООО ""Дельта""",Покупок нет
112,Зеленин Георгий Вадимович,80 45 454556,"ООО ""Дельта""",Купил 7 машины у продавца Сидоров Георгий Олегович
113,Текутьев Тагир Рудольфович,79 45 454556,"ООО ""Дельта""",Покупок нет
114,Константинова Ксения Матвеевна,78 45 454556,"ООО ""Дельта""",Покупок нет
115,Буланов Рустам Григорьевич,77 45 454556,"ООО ""Дельта""",Покупок нет
116,Дудник Арсен Пантелеймонович,76 45 454556,,Покупок нет
117,Литвиненко Рустам Трофимович,75 45 454556,"ЗАО ""Орион""",Покупок нет
118,Крючков Борис Маратович,74 45 454556,"ЗАО ""Орион""",Покупок нет
119,Измайлов Ярослав Григорьевич,73 45 454556,"ЗАО ""Орион""",Покупок нет
120,Семенов Григорий Макарович,72 45 454556,"ЗАО ""Орион""",Покупок нет
121,Полежаев Аркадий Игоревич,71 45 454556,"ЗАО ""Орион""",Покупок нет
122,Сотников Даниил Валериевич,70 45 454556,"ЗАО ""Орион""",Покупок нет
123,Березин Алексей Святославович,69 45 454556,"ЗАО ""Орион""",Покупок нет
124,Терехов Станислав Эдуардович,68 45 454556,"ЗАО ""Орион""",Покупок нет
125,Пыжов Тимур Арсеньевич,67 45 454556,"ЗАО ""Орион""",Покупок нет
126,Дружинин Марк Александрович,66 45 454556,"ЗАО ""Орион""",Покупок нет
127,Боков Вадим Матвеевич,65 45 454556,"ЗАО ""Орион""",Покупок нет
128,Максименко Виолетта Петровна,64 45 454556,"ЗАО ""Орион""",Покупок нет
129,Ларионов Виктор Вячеславович,63 45 454556,"ЗАО ""Орион""",Покупок нет
130,Антипова Карина Германовна,62 45 454556,"ЗАО ""Орион""",Покупок нет
131,Литвинова Надежда Емельяновна,82 45 454556,"ЗАО ""Орион""",Купил 1 машины у продавца Сидоров Георгий Олегович
132,Зиновьева Анатолий Александровна,81 45 454556,,Покупок нет
133,Юркова Людмила Маратовна,80 45 454556,"ЗАО ""Ланит""",Покупок нет
134,Наумова Алиса Ивановна,79 45 454556,"ЗАО ""Ланит""",Покупок нет
135,Филина Олеся Феликсовна,78 45 454556,"ЗАО ""Ланит""",Покупок нет
136,Литвинов Валерий Афанасьевич,77 45 454556,"ЗАО ""Ланит""",Покупок нет
137,Дианова Людмила Евгениевна,76 45 454556,"ЗАО ""Ланит""",Покупок нет
138,Лопатина Аэлита Артемовна,75 45 454556,"ЗАО ""Ланит""",Покупок нет
139,Подольская Марина Равильевна,74 45 454556,"ЗАО ""Ланит""",Покупок нет
140,Исаев Никита Арсеньевич,73 45 454556,"ЗАО ""Ланит""",Покупок нет
141,Петухов Эльдар Митрофанович,72 45 454556,"ЗАО ""Ланит""",Покупок нет
142,Малеев Вячеслав Вячеславович,71 45 454556,"ЗАО ""Ланит""",Покупок нет
143,Пеньков Георгий Ивановна,70 45 454556,,Покупок нет
144,Тарасов Валерий Семенович,69 45 454556,"ООО ""Парус""",Покупок нет
145,Кораблев Артем Юрьевич,68 45 454556,"ООО ""Парус""",Покупок нет
146,Сяинова Ирина Николаевна,67 45 454556,"ООО ""Парус""",Покупок нет
147,Соков Геннадий Алексеевич,66 45 454556,"ООО ""Парус""",Покупок нет
148,Жидков Валерий Наумович,65 45 454556,"ООО ""Парус""",Купил 1 машины у продавца Петров Георгий Олегович
149,Маркова Ирина Наилевна,64 45 454556,,Покупок нет
150,Глушкова Клавдия Леонтьевна,63 45 454556,,Покупок нет
151,Большакова Нона Глебовна,62 45 454556,,Покупок нет
152,Шадская Владислава Владиленовна,82 45 454556,,Покупок нет
153,Пыжов Алексей Игоревич,81 45 454556,,Покупок нет
154,Беляков Валентин Геннадиевич,80 45 454556,,Покупок нет
155,Круглова Валентина Владленовна,79 45 454556,,Купил 2 машины у продавца Сидоров Георгий Олегович
156,Нестеров Александр Николаевич,78 45 454556,,Покупок нет
157,Аристархова Алена Олеговна,77 45 454556,,Покупок нет
158,Лукина Марианна Захаровна,76 45 454556,,Покупок нет
159,Фролова Дария Леонтьевна,75 45 454556,,Покупок нет
160,Кулакова Карина Маратовна,74 45 454556,,Покупок нет
161,Чернышев Семен Ильич,73 45 454556,,Покупок нет
162,Кудинова Раиса Маратовна,72 45 454556,,Покупок нет
163,Евсеев Аркадий Егорович,71 45 454556,,Покупок нет
164,Синявский Антон Васильевич,70 45 454556,,Покупок нет
165,Герасименко Алена Петровна,69 45 454556,,Покупок нет
166,Хренов Рафаил Филиппович,68 45 454556,,Покупок нет
167,Труфанова Карина Анатольевна,67 45 454556,,Покупок нет
168,Шустова Ольга Александровна,66 45 454556,,Купил 6 машины у продавца Иванов Георгий Олегович
169,Богатырева Милана Валерьевна,65 45 454556,,Купил 4 машины у продавца Иванов Георгий Олегович
170,Ушакова Алефтина Тимофеевна,64 45 454556,,Покупок нет
171,Малахов Артур Арнольдович,63 45 454556,,Покупок нет
172,Соков Анатолий Афанасьевич,62 45 454556,,Покупок нет
173,Гришин Вадим Семенович,82 45 454556,,Покупок нет
174,Ларионов Филипп Константинович,81 45 454556,,Покупок нет
175,Ионова Вероника Мансуровна,80 45 454556,,Покупок нет
176,Лобов Тагир Пантелеймонович,79 45 454556,,Покупок нет
177,Владимирович Ян Савельевич,78 45 454556,,Покупок нет
178,Никифоров Никита Станиславович,77 45 454556,,Покупок нет
179,Барабанов Степан Афанасьевич,76 45 454556,,Покупок нет
180,Колесникова Анжела Яковлевна,75 45 454556,,Покупок нет
181,Хохлова Лаура Ильинична,74 45 454556,,Покупок нет
182,Чурилова Эльза Юльевна,73 45 454556,,Покупок нет
183,Воинова Анжелика Львовна,72 45 454556,,Покупок нет
184,Ерофеева Дария Вячеславовна,71 45 454556,,Покупок нет
185,Нестерова Тамара Борисовна,70 45 454556,,Покупок нет
186,Купянский Артем Трофимович,69 45 454556,,Покупок нет
187,Аникина Маргарита Евгениевна,68 45 454556,,Покупок нет
188,Васильевна Зинаида Герасимовна,67 45 454556,,Покупок нет
189,Григорян Вячеслав Алексеевич,66 45 454556,,Покупок нет
190,Крайнова Инесса Робертовна,65 45 454556,,Покупок нет
191,Проценко Кирилл Витальевич,64 45 454556,,Покупок нет
192,Кравцова Варвара Абдуловна,63 45 454556,,Покупок нет
193,Огнева Элла Георгиевна,62 45 454556,,Покупок нет
194,Конькова Эмилия Рудольфовна,82 45 454556,,Покупок нет
195,Мосолов Арсен Владиславович,81 45 454556,,Покупок нет
196,Проценко Роман Савельевич,80 45 454556,,Покупок нет
197,Клюева Варвара Глебовна,79 45 454556,,Покупок нет
198,Аникина Евгения Валентиновна,78 45 454556,,Покупок нет
199,Кустова Алла Ивановна,77 45 454556,,Купил 6 машины у продавца Сидоров Георгий Олегович
200,Крайнова Марина Святославовна,76 45 454556,,Покупок нет
201,Сухинин Дмитрий Андреевич,75 45 454556,,Покупок нет
202,Жиляева Элина Вадимовна,74 45 454556,,Покупок нет
203,Прошина Галия Максимовна,73 45 454556,,Покупок нет
204,Калитин Альберт Вадимович,72 45 454556,,Покупок нет
205,Воинова Анися Стефановна,71 45 454556,,Покупок нет
206,Кукушкин Вениамин Германович,70 45 454556,,Покупок нет
207,Овсяников Святослав Львович,69 45 454556,,Покупок нет
208,Кузина Ирина Абдулловна,68 45 454556,,Покупок нет
209,Илюшкин Иосиф Захарович,67 45 454556,,Покупок нет
210,Арсеньев Глеб Трофимович,66 45 454556,,Покупок нет
211,Лобанова Анастасия Иннокентьевна,65 45 454556,,Покупок нет
212,Шевцов Павел Трофимович,64 45 454556,,Покупок нет
213,Терехов Святослав Генрихович,63 45 454556,,Покупок нет
214,Терехова Антонина Владиленовна,62 45 454556,,Покупок нет
215,Петрович Артем Пантелеймонович,82 45 454556,,Покупок нет
216,Труфанова Бэлла Юлиановна,81 45 454556,,Покупок нет
217,Кускова Алиса Петровна,80 45 454556,,Покупок нет
218,Савченко Валентин Ивановна,79 45 454556,,Покупок нет
219,Севастьянов Тарас Ильич,78 45 454556,,Покупок нет
220,Салтыкова Вероника Зиновьевна,77 45 454556,,Покупок нет
221,Жигачёв Семен Анатольевич,76 45 454556,,Покупок нет
222,Сотникова Ангелина Валерьевна,75 45 454556,,Покупок нет
223,Горохов Анатолий Николаевич,74 45 454556,,Покупок нет
224,Фирсова Нина Николаевна,73 45 454556,,Покупок нет
225,Суслов Вячеслав Яковлевич,72 45 454556,,Покупок нет
226,Дроздов Валерий Алексеевич,71 45 454556,"ООО ""Дельта""",Покупок нет
227,Иванова Вита Эдуардовна,70 45 454556,"ООО ""Дельта""",Покупок нет
228,Терентьев Игорь Игоревич,69 45 454556,"ООО ""Дельта""",Покупок нет
229,Валуев Альберт Трофимович,68 45 454556,"ООО ""Дельта""",Покупок нет
230,Веселов Ян Брониславович,67 45 454556,"ООО ""Дельта""",Покупок нет
231,Минаев Роман Пантелеймонович,66 45 454556,"ООО ""Дельта""",Покупок нет
232,Полунин Виталий Ростиславович,65 45 454556,"ООО ""Дельта""",Покупок нет
233,Сироткин Давид Арнольдович,64 45 454556,"ООО ""Дельта""",Покупок нет
234,Никифоров Василий Семенович,63 45 454556,"ООО ""Дельта""",Покупок нет
235,Казаков Илья Германович,62 45 454556,"ООО ""Дельта""",Покупок нет
236,Валентиновна Анатолий Ибрагимовна,82 45 454556,"ООО ""Дельта""",Покупок нет
237,Коптельцев Глеб Робертович,81 45 454556,"ООО ""Дельта""",Покупок нет
238,Радченко Марта Алиевна,80 45 454556,"ООО ""Дельта""",Покупок нет
239,Михайловская Любовь Наилевна,79 45 454556,"ООО ""Дельта""",Покупок нет
240,Коновалов Егор Альбертович,78 45 454556,"ООО ""Дельта""",Покупок нет
241,Литвинцев Марк Валентинович,77 45 454556,,Покупок нет
242,Федосов Артем Лазаревич,76 45 454556,"ЗАО ""Орион""",Покупок нет
243,Гагин Сергей Арсеньевич,75 45 454556,"ЗАО ""Орион""",Покупок нет
244,Самсонова Ангелина Никитична,74 45 454556,"ЗАО ""Орион""",Покупок нет
245,Сидорова Фаина Николаевна,73 45 454556,"ЗАО ""Орион""",Покупок нет
246,Алимова Галина Рудольфовна,72 45 454556,"ЗАО ""Орион""",Покупок нет
247,Куликова Лиля Раисовна,71 45 454556,"ЗАО ""Орион""",Покупок нет
248,Голубева Есения Николаевна,70 45 454556,"ЗАО ""Орион""",Покупок нет
249,Демина Эльмира Артемовна,69 45 454556,"ЗАО ""Орион""",Покупок нет
250,Чибисова Альбина Моисеевна,68 45 454556,"ЗАО ""Орион""",Покупок нет
251,Романченко Лев Пантелеймонович,67 45 454556,"ЗАО ""Орион""",Покупок нет
252,Бабенкова Ирена Аркадьевна,66 45 454556,"ЗАО ""Орион""",Покупок нет
253,Бойченко Элла Феликсовна,65 45 454556,"ЗАО ""Орион""",Покупок нет
254,Богданов Марк Эдуардович,64 45 454556,"ЗАО ""Орион""",Покупок нет
255,Кручинин Ренат Тимофеевич,63 45 454556,"ЗАО ""Орион""",Покупок нет
256,Павлов Виктор Иванович,62 45 454556,"ЗАО ""Орион""",Покупок нет
257,Сучкова Жанна Михайловна,82 45 454556,,Покупок нет
258,Полянская Анися Святославовна,81 45 454556,"ЗАО ""Ланит""",Покупок нет
259,Хван Тигран Вадимович,80 45 454556,"ЗАО ""Ланит""",Покупок нет
260,Гуськов Максим Ивановна,79 45 454556,"ЗАО ""Ланит""",Покупок нет
261,Сотникова Стелла Альбертовна,78 45 454556,"ЗАО ""Ланит""",Покупок нет
262,Шишкина Маргарита Арсеньевна,77 45 454556,"ЗАО ""Ланит""",Покупок нет
263,Ястребова Фаина Евгеньевна,76 45 454556,"ЗАО ""Ланит""",Покупок нет
264,Богатырев Иосиф Генрихович,75 45 454556,"ЗАО ""Ланит""",Покупок нет
265,Мягкова Вита Мироновна,74 45 454556,"ЗАО ""Ланит""",Покупок нет
266,Арсеньев Григорий Константинович,73 45 454556,"ЗАО ""Ланит""",Покупок нет
267,Кузина Маргарита Игнатьевна,72 45 454556,"ЗАО ""Ланит""",Покупок нет
268,Астахова Арина Яковлевна,71 45 454556,,Покупок нет
269,Ветрова Бэлла Арсеньевна,70 45 454556,"ООО ""Парус""",Покупок нет
270,Зуева Анися Илларионовна,69 45 454556,"ООО ""Парус""",Покупок нет
271,Сорокина Рима Серафимовна,68 45 454556,"ООО ""Парус""",Покупок нет
272,Клейменова Евгения Брониславовна,67 45 454556,"ООО ""Парус""",Покупок нет
273,Жарова Инна Адольфовна,66 45 454556,"ООО ""Парус""",Покупок нет
274,Некрылов Филипп Маркович,65 45 454556,,Купил 4 машины у продавца Петров Георгий Олегович
275,Мирошниченко Леонид Гаврилович,64 45 454556,,Покупок нет
276,Румянцева Альбина Мироновна,63 45 454556,,Покупок нет
277,Субботин Максим Сергеевич,62 45 454556,,Покупок нет
278,Титкова Ольга Фаридовна,82 45 454556,,Покупок нет
279,Суслов Василий Тимофеевич,81 45 454556,,Покупок нет
280,Седых Диана Антоновна,80 45 454556,,Покупок нет
281,Ситникова Инна Григорьевна,79 45 454556,,Покупок нет
282,Дементьева Стелла Рудольфовна,78 45 454556,,Покупок нет
283,Ситников Евгений Васильевич,77 45 454556,,Покупок нет
284,Дронова Валерия Шамилевна,76 45 454556,,Покупок нет
285,Лукашев Григорий Васильевич,75 45 454556,,Покупок нет
286,Бурцева Карина Вячеславовна,74 45 454556,,Купил 7 машины у продавца Иванов Георгий Олегович
287,Зуева Алена Валериевна,73 45 454556,,Покупок нет
288,Кириченко Евгения Емельяновна,72 45 454556,,Покупок нет
289,Долгополов Арсен Вадимович,71 45 454556,,Покупок нет
290,Орнацкий Шамиль Витальевич,70 45 454556,,Покупок нет
291,Климанова Венера Архиповна,69 45 454556,,Покупок нет
292,Болдина Альфия Марковна,68 45 454556,,Покупок нет
293,Оганян Георгий Рудольфович,67 45 454556,,Покупок нет
294,Дудина Людмила Андреевна,66 45 454556,,Покупок нет
295,Долгополова Лаура Даниловна,65 45 454556,,Покупок нет
296,Горбатов Николай Николаевич,64 45 454556,,Покупок нет
297,Тарасова Вера Раисовна,63 45 454556,,Покупок нет
298,Шмелева Милена Артуровна,62 45 454556,,Покупок нет
299,Шишкова Асия Савельевна,82 45 454556,,Покупок нет
300,Соломатина Марта Рудольфовна,81 45 454556,,Покупок нет
301,Круглова Анатолий Федоровна,80 45 454556,,Покупок нет
302,Грибов Тимур Маратович,79 45 454556,,Покупок нет
303,Киселева Вера Архиповна,78 45 454556,,Купил 6 машины у продавца Сидоров Георгий Олегович
304,Ульянов Эльдар Зиновьевич,77 45 454556,,Покупок нет
305,Андреевна Кира Демьяновна,76 45 454556,,Купил 5 машины у продавца Петров Георгий Олегович
306,Самойлов Ярослав Альбертович,75 45 454556,,Покупок нет
307,Быкова Алиса Алиевна,74 45 454556,,Покупок нет
308,Синицына Кира Валериановна,73 45 454556,,Покупок нет
309,Соломатин Кирилл Захарович,72 45 454556,,Покупок нет
310,Комаров Степан Петрович,71 45 454556,,Покупок нет
311,Батурина Бэлла Ахметовна,70 45 454556,,Покупок нет
312,Горбачева Антонида Никитична,69 45 454556,,Покупок нет
313,Дронова Регина Серафимовна,68 45 454556,,Покупок нет
314,Богачева Регина Леонардовна,67 45 454556,,Купил 3 машины у продавца Петров Георгий Олегович
315,Пичугина Оксана Алексеевна,66 45 454556,,Покупок нет
316,Злобина Ирена Макаровна,65 45 454556,,Покупок нет
317,Кувшинова Серафима Романовна,64 45 454556,,Покупок нет
318,Текутьев Тагир Константинович,63 45 454556,,Покупок нет
319,Мамонтова Владислава Анатольевна,62 45 454556,,Покупок нет
320,Доронин Виктор Кузьмич,82 45 454556,,Покупок нет
321,Кошелев Алексей Алексеевич,81 45 454556,,Покупок нет
322,Карпухина Наталья Валериевна,80 45 454556,,Покупок нет
323,Крутиков Сергей Олегович,79 45 454556,,Покупок нет
324,Тен Роман Егорович,78 45 454556,,Покупок нет
325,Капустянский Валерий Глебович,77 45 454556,,Покупок нет
326,Куркин Виктор Васильевич,76 45 454556,,Покупок нет
327,Фомина Фаина Артуровна,75 45 454556,,Покупок нет
328,Доронин Глеб Владиславович,74 45 454556,,Покупок нет
329,Минакова Марианна Архиповна,73 45 454556,,Покупок нет
330,Полищук Лариса Федоровна,72 45 454556,,Покупок нет
331,Молчанова Ася Вячеславна,71 45 454556,,Покупок нет
332,Родин Глеб Константинович,70 45 454556,,Покупок нет
333,Короткова Зинаида Вячеславна,69 45 454556,,Покупок нет
334,Давыдов Всеволод Николаевич,68 45 454556,,Покупок нет
335,Дубровский Святослав Трофимович,67 45 454556,,Покупок нет
336,Белоусов Антон Захарович,66 45 454556,,Покупок нет
337,Бакулина Лейла Глебовна,65 45 454556,,Купил 6 машины у продавца Петров Георгий Олегович
338,Яшин Николай Константинович,64 45 454556,,Покупок нет
339,Хазова Антонина Романовна,63 45 454556,,Покупок нет
340,Фомишенко Тагир Ильич,62 45 454556,,Покупок нет
341,Трифонов Шамиль Антонович,82 45 454556,,Покупок нет
342,Старикова Фатима Ефимовна,81 45 454556,,Покупок нет
343,Карпухин Вениамин Владиславович,80 45 454556,,Покупок нет
344,Чубарь Всеволод Матвеевич,79 45 454556,,Покупок нет
345,Ерофеева Эльза Шамилевна,78 45 454556,,Покупок нет
346,Кучерова Ксения Валентиновна,77 45 454556,,Покупок нет
347,Салтыкова Екатерина Арнольдовна,76 45 454556,,Покупок нет
348,Кравченко Валентина Анатольевна,75 45 454556,,Покупок нет
349,Васюкова Жанна Исхаковна,74 45 454556,,Покупок нет
350,Гудзь Лев Николаевич,73 45 454556,,Покупок нет
351,Покусаев Тигран Захарович,72 45 454556,"ООО ""Дельта""",Покупок нет
352,Серебрякова Екатерина Анваровна,71 45 454556,"ООО ""Дельта""",Покупок нет
353,Лысенко Артур Валерьевич,70 45 454556,"ООО ""Дельта""",Покупок нет
354,Соколова Александра Федоровна,69 45 454556,"ООО ""Дельта""",Покупок нет
355,Коростелева Вита Прокофьевна,68 45 454556,"ООО ""Дельта""",Покупок нет
356,Колесник Милана Исхаковна,67 45 454556,"ООО ""Дельта""",Покупок нет
357,Белко Валерий Борисович,66 45 454556,"ООО ""Дельта""",Покупок нет
358,Щукин Максим Арсеньевич,65 45 454556,"ООО ""Дельта""",Покупок нет
359,Грязнов Илья Леонидович,64 45 454556,"ООО ""Дельта""",Купил 5 машины у продавца Сидоров Георгий Олегович
360,Беспалова Зинаида Романовна,63 45 454556,"ООО ""Дельта""",Покупок нет
361,Огнева Алефтина Игоревна,62 45 454556,"ООО ""Дельта""",Покупок нет
362,Шашков Павел Яковлевич,82 45 454556,"ООО ""Дельта""",Покупок нет
363,Бузин Степан Арсеньевич,81 45 454556,"ООО ""Дельта""",Покупок нет
364,Мухортова Юлия Георгиевна,80 45 454556,"ООО ""Дельта""",Покупок нет
365,Шепелева Юлия Адольфовна,79 45 454556,"ООО ""Дельта""",Покупок нет
366,Голикова Татьяна Терентьевна,78 45 454556,,Покупок нет
367,Крюкова Карина Терентьевна,77 45 454556,"ЗАО ""Орион""",Купил 0 машины у продавца Сидоров Георгий Олегович
368,Митяева Венера Генриховна,76 45 454556,"ЗАО ""Орион""",Покупок нет
369,Денисов Артур Святославович,75 45 454556,"ЗАО ""Орион""",Покупок нет
370,Рябова Марина Сергеевна,74 45 454556,"ЗАО ""Орион""",Покупок нет
371,Сенько Анастасия Рашитовна,73 45 454556,"ЗАО ""Орион""",Покупок нет
372,Макеева Рита Никитична,72 45 454556,"ЗАО ""Орион""",Покупок нет
373,Сорокина Эмилия Николаевна,71 45 454556,"ЗАО ""Орион""",Покупок нет
374,Широков Антон Григорьевич,70 45 454556,"ЗАО ""Орион""",Покупок нет
375,Ильин Роман Пантелеймонович,69 45 454556,"ЗАО ""Орион""",Покупок нет
376,Антипова Евгения Афанасьевна,68 45 454556,"ЗАО ""Орион""",Покупок нет
377,Уханов Сергей Федорович,67 45 454556,"ЗАО ""Орион""",Покупок нет
378,Михеев Вениамин Валерьевич,66 45 454556,"ЗАО ""Орион""",Покупок нет
379,Генералова Нина Иосифовна,65 45 454556,"ЗАО ""Орион""",Покупок нет
380,Осин Артем Валентинович,64 45 454556,"ЗАО ""Орион""",Покупок нет
381,Кривова Серафима Артемовна,63 45 454556,"ЗАО ""Орион""",Покупок нет
382,Левченко Виолетта Ахметовна,62 45 454556,,Покупок нет
383,Крылов Святослав Арнольдович,61 45 454556,"ЗАО ""Ланит""",Покупок нет
384,Ломова Анжела Прокофьевна,60 45 454556,"ЗАО ""Ланит""",Покупок нет
385,Барышникова Альфия Борисовна,59 45 454556,"ЗАО ""Ланит""",Покупок нет
386,Быстров Всеволод Афанасьевич,58 45 454556,"ЗАО ""Ланит""",Покупок нет
387,Борзунов Дмитрий Григорьевич,57 45 454556,"ЗАО ""Ланит""",Покупок нет
388,Анохин Шамиль Яковлевич,56 45 454556,"ЗАО ""Ланит""",Покупок нет
389,Рудакова Яна Максимовна,55 45 454556,"ЗАО ""Ланит""",Покупок нет
390,Дмитриев Михаил Лазаревич,54 45 454556,"ЗАО ""Ланит""",Покупок нет
391,Суркова София Афанасьевна,53 45 454556,"ЗАО ""Ланит""",Покупок нет
392,Шульгина Татьяна Рашитовна,52 45 454556,"ЗАО ""Ланит""",Покупок нет
393,Ерофеев Егор Захарович,51 45 454556,,Покупок нет
394,Якимов Игорь Геннадьевич,50 45 454556,"ООО ""Парус""",Покупок нет
395,Чекулаева Наталья Рафаиловна,49 45 454556,"ООО ""Парус""",Покупок нет
396,Мусатов Марк Данилович,48 45 454556,"ООО ""Парус""",Покупок нет
397,Коробченко Николай Зиновьевич,47 45 454556,"ООО ""Парус""",Покупок нет
398,Кучерова Майя Владиленовна,46 45 454556,"ООО ""Парус""",Покупок нет
399,Парфенов Ян Захарович,45 45 454556,,Покупок нет
